Range,Row,Serpentine 25-26,Trait/Herbicide,Entry Prefix,Entry Suffix,Box Letter,ID 25-25,SEED/PAC,QUADRA,LOCAL
75,80,58578,PWM,12690,18,A,6000,190,8,BRE
75,81,58578,PWM,12690,18,A,6000,190,8,CNP
75,82,58578,PWM,12690,18,A,6000,190,8,RDN
75,83,58578,PWM,12690,18,A,6000,190,8,RVE
75,84,58578,PWM,12690,18,A,6000,190,8,SMPQ
76,80,58579,PWM,12691,18,B,6001,191,8,BRE
76,81,58579,PWM,12691,18,B,6001,191,8,CNP
76,82,58579,PWM,12691,18,B,6001,191,8,RDN
76,83,58579,PWM,12691,18,B,6001,191,8,RVE
76,84,58579,PWM,12691,18,B,6001,191,8,SMPQ
77,81,58580,XF,12692,19,C,6002,192,9,BRE
77,82,58580,XF,12692,19,C,6002,192,9,CNP
77,83,58580,XF,12692,19,C,6002,192,9,RDN
77,84,58580,XF,12692,19,C,6002,192,9,RVE
77,85,58580,XF,12692,19,C,6002,192,9,SMPQ
